{"cameraMode":{"drawMode":0,"name":"Shaded","section":"Shading Mode"},"sceneLighting":false,"audioPlay":false,"sceneViewState":{"showFog":true,"showMaterialUpdate":false,"showSkybox":true,"showFlares":true,"showImageEffects":true,"showParticleSystems":true},"in2DMode":false,"pivot":{"x":2.197385549545288,"y":0.23562611639499665,"z":3.128882884979248},"rotation":{"x":-0.10327325016260147,"y":0.8877101540565491,"z":-0.2431117445230484,"w":-0.3770970404148102},"size":1.346784234046936,"orthographic":false}