{"cameraMode":{"drawMode":0,"name":"Shaded","section":"Shading Mode"},"sceneLighting":true,"audioPlay":false,"sceneViewState":{"showFog":true,"showMaterialUpdate":false,"showSkybox":true,"showFlares":true,"showImageEffects":true,"showParticleSystems":true},"in2DMode":false,"pivot":{"x":0.2522737979888916,"y":-0.18839216232299806,"z":-0.21010303497314454},"rotation":{"x":-0.10327325016260147,"y":0.8877101540565491,"z":-0.2431117445230484,"w":-0.3770970404148102},"size":5.3013153076171879,"orthographic":false}