{"cameraMode":{"drawMode":0,"name":"Shaded","section":"Shading Mode"},"sceneLighting":true,"audioPlay":false,"sceneViewState":{"showFog":true,"showMaterialUpdate":false,"showSkybox":true,"showFlares":true,"showImageEffects":true,"showParticleSystems":true},"in2DMode":false,"pivot":{"x":-1.4381661415100098,"y":-2.9807705879211427,"z":1.239102840423584},"rotation":{"x":0.2993656098842621,"y":-0.37099793553352358,"z":0.1276986002922058,"w":0.8697320818901062},"size":13.470565795898438,"orthographic":false}