{"cameraMode":{"drawMode":0,"name":"Shaded","section":"Shading Mode"},"sceneLighting":true,"audioPlay":false,"sceneViewState":{"showFog":true,"showMaterialUpdate":true,"showSkybox":true,"showFlares":true,"showImageEffects":true,"showParticleSystems":true},"in2DMode":false,"pivot":{"x":-0.23841333389282227,"y":0.21051502227783204,"z":-0.32624340057373049},"rotation":{"x":0.2534900903701782,"y":0.2711779475212097,"z":-0.07426556944847107,"w":0.9255754947662354},"size":9.13110065460205,"orthographic":false}