{"cameraMode":{"drawMode":0,"name":"Shaded","section":"Shading Mode"},"sceneLighting":false,"audioPlay":false,"sceneViewState":{"showFog":true,"showMaterialUpdate":false,"showSkybox":true,"showFlares":true,"showImageEffects":true,"showParticleSystems":true},"in2DMode":false,"pivot":{"x":0.022785663604736329,"y":-2.8558133635669949e-10,"z":0.169439435005188},"rotation":{"x":-0.10327325016260147,"y":0.8877101540565491,"z":-0.2431117445230484,"w":-0.3770970404148102},"size":18.852258682250978,"orthographic":false}