{"cameraMode":{"drawMode":0,"name":"Shaded","section":"Shading Mode"},"sceneLighting":false,"audioPlay":false,"sceneViewState":{"showFog":true,"showMaterialUpdate":false,"showSkybox":true,"showFlares":true,"showImageEffects":true,"showParticleSystems":true},"in2DMode":false,"pivot":{"x":-2.855400323867798,"y":-0.25937938690185549,"z":1.5037062168121338},"rotation":{"x":-0.13250310719013215,"y":0.8662276268005371,"z":-0.31453943252563479,"w":-0.3649076223373413},"size":6.746785640716553,"orthographic":false}