{"cameraMode":{"drawMode":0,"name":"Shaded","section":"Shading Mode"},"sceneLighting":false,"audioPlay":false,"sceneViewState":{"showFog":true,"showMaterialUpdate":true,"showSkybox":true,"showFlares":true,"showImageEffects":true,"showParticleSystems":true},"in2DMode":false,"pivot":{"x":-4.138580322265625,"y":-57.099998474121097,"z":-118.80000305175781},"rotation":{"x":0.09096114337444306,"y":0.603969156742096,"z":-0.06964930146932602,"w":0.788730800151825},"size":2.3334522247314455,"orthographic":false}