{"cameraMode":{"drawMode":0,"name":"Shaded","section":"Shading Mode"},"sceneLighting":false,"audioPlay":false,"sceneViewState":{"showFog":true,"showMaterialUpdate":false,"showSkybox":true,"showFlares":true,"showImageEffects":true,"showParticleSystems":true},"in2DMode":false,"pivot":{"x":3.7679286003112795,"y":2.373176097869873,"z":-2.9613037109375},"rotation":{"x":-0.3807344436645508,"y":0.10561554878950119,"z":-0.043822694569826129,"w":-0.9175872206687927},"size":6.537939071655273,"orthographic":false}